resource,number of links,number of mentions
googlecode,1,1
google,5,19
Try Python,0,0
netbeans,1,4
cl,1,1396
wikipedia,30,33
nshipster,1,1
youtu,1,25
pastebin,2,2
manning,1,1
git-training-wheels,2,4
jshint,1,2
informit,1,1
Codeacademy,0,0
jsfiddle,4,8
kalzumeus,1,1
Hackety Hack,0,0
sourceforge,3,6
gribblelab,1,2
phonegap,1,1
RubyMonk,0,0
msu,1,1
Codecademy,0,0
coderbyte,1,1
lmgtfy,1,2
rebooti,1,2
techonthenet,2,4
udacity,0,0
alternativeto,1,2
netinstructions,1,1
instructables,1,2
blogspot,1,1
android,1,6
wikibooks,1,2
boost,1,2
edX,0,1
isbn-international,1,1
telerik,1,2
reddit,24,48
Crunchy,0,0
tryruby,0,0
pythontutor,1,2
spring,1,1
coursera,0,0
thetvdb,1,3
codeabbey,3,5
noobtuts,1,1
brew,1,4
learnrubythehardway,1,1
wdc,1,1
sourcemaking,1,2
learn-c,1,2
CaveOfProgramming,0,0
stackoverflow,3,6
wlu,1,1
learnpython,0,0
codebymath,1,1
liveweave,1,1
sqlzoo,1,1
Eloquent JavaScript,0,3
seleniumhq,1,1
judyofthewoods,1,1
github,17,50
postgresql,1,1
viasfora,1,2
prntscr,2,4
kym-cdn,1,1
microsoftvirtualacademy,1,1
gnu,1,21
youtube,8,24
amazon,4,6
martinfowler,1,1
minecraftmapdownloads,1,2
git-scm,3,7
oracle,6,19
imgur,4,5
stackexchange,1,3
codeblocks,1,1
bellard,1,1
verou,1,2
